company,role,location,tags,remoteok_url
,,,,
Powered by Pioneer,BD Manager,,"manager,defi,crypto,engineering",https://remoteOK.com/remote-jobs/remote-bd-manager-powered-by-pioneer-1093808
Sanctuary Computer,Senior Elixir Engineer,,"exec,dev,backend,full stack,saas,senior,ruby,python,pyton,django,react native,javascript,node",https://remoteOK.com/remote-jobs/remote-senior-elixir-engineer-sanctuary-computer-1093807
P2P. org,Data Analyst,Delhi,"analyst,defi,crypto,system,consultancy,technical,support,growth,finance,api,health",https://remoteOK.com/remote-jobs/remote-data-analyst-p2p-org-1093806
Ethena Labs,Senior Staff Security Engineer,Globally Remote,"security,defi,crypto,ethereum,full-stack,technical,software,testing,growth,devops,financial,finance,strategy,senior,engineer,engineering",https://remoteOK.com/remote-jobs/remote-senior-staff-security-engineer-ethena-labs-1093805
GoMining,VIP Support Manager,,"manager,defi,crypto,support,management,sales,non tech",https://remoteOK.com/remote-jobs/remote-vip-support-manager-gomining-1093804
The Trevor Project,Public Training Associate,Remote - United States,"training,support,travel,financial,education,management,senior,operations,operational,legal,health,educational,non tech",https://remoteOK.com/remote-jobs/remote-public-training-associate-the-trevor-project-1093803
NTD software,FullStack Engineer,Latin America,"dev,design,react,frontend,technical,support,developer,software,code,web,devops,javascript,cloud,css,mobile,engineer,backend,fullstack,digital nomad",https://remoteOK.com/remote-jobs/remote-fullstack-engineer-ntd-software-1093802
Find,Cryptocurrency Reporter,,"cryptocurrency,crypto,content",https://remoteOK.com/remote-jobs/remote-cryptocurrency-reporter-find-1093801
Bonfire Studios,Character Concept Artist,United States,"3d,support,recruiting",https://remoteOK.com/remote-jobs/remote-character-concept-artist-bonfire-studios-1093799
Coins.ph,Strategy Manager,"Taguig City, Metro Manila, Philippines","manager,web3,crypto,cryptocurrencies,support,growth,financial,finance,mobile,strategy,management,operational",https://remoteOK.com/remote-jobs/remote-strategy-manager-coins-ph-1093798
Aragon,Content &amp; Social Lead,Remote - Anywhere,"web3,full-stack,technical,support,software,growth,manager,seo,strategy,management,lead,content,marketing",https://remoteOK.com/remote-jobs/remote-content-amp-social-lead-aragon-1093797
The Biz Conquest,Mobile Developer,,"dev,engineer,mobiledev,react native",https://remoteOK.com/remote-jobs/remote-mobile-developer-the-biz-conquest-1093795
Virta Health,Backend Software Engineer Client Group,,"software,frontend,security,training,full-stack,technical,support,code,cloud,operational,golang,medical,health,engineer,engineering,backend",https://remoteOK.com/remote-jobs/remote-backend-software-engineer-client-group-virta-health-1093794
Deblock,Senior Backend Engineer,,"golang,crypto,fintech,banking,senior,engineer,backend",https://remoteOK.com/remote-jobs/remote-senior-backend-engineer-deblock-1093793
CrowdGen by Appen,Payment QR Code from Eye AI,India,"code,qa,mobile",https://remoteOK.com/remote-jobs/remote-payment-qr-code-from-eye-ai-crowdgen-by-appen-1093792
Machinify,Automation Engineer UI Quality Assurance,Palo Alto,"ui,design,front-end,frontend,docker,software,testing,test,web,qa,healthcare,recruiting,engineer,digital nomad",https://remoteOK.com/remote-jobs/remote-automation-engineer-ui-quality-assurance-machinify-1093789
Arbitrum Foundation,Developer Relations Engineer,Europe,"developer,web3,cryptocurrency,ethereum,security,technical,growth,code,education,finance,content,health,healthcare,engineer,engineering,recruitment,educational,full-time,digital nomad",https://remoteOK.com/remote-jobs/remote-developer-relations-engineer-arbitrum-foundation-1093781
Koala Health,Customer Experience Associate,Remote,"technical,support,web,voice,medical,health,healthcare",https://remoteOK.com/remote-jobs/remote-customer-experience-associate-koala-health-1093780
CoinGecko,Human Resources Associate Mid level,,"cryptocurrency,hr,system,training,technical,support,payroll,financial,education,leader,management,operations,operational",https://remoteOK.com/remote-jobs/remote-human-resources-associate-mid-level-coingecko-1093779
Prophet Security,Backend Software Engineer,,"golang,infosec,software,security,engineer,backend",https://remoteOK.com/remote-jobs/remote-backend-software-engineer-prophet-security-1093777
lakeFS,Senior Software Engineer,,"golang,software,senior,engineer",https://remoteOK.com/remote-jobs/remote-senior-software-engineer-lakefs-1093776
Tolt,Product Engineer,,"javascript,typescript,react,product,aws,engineer",https://remoteOK.com/remote-jobs/remote-product-engineer-tolt-1093775
Included Health,Connected Care Assistant,Remote,"assistant,training,recruiter,support,management,medical,health,healthcare,full-time,non tech",https://remoteOK.com/remote-jobs/remote-connected-care-assistant-included-health-1093774
GoodLeap,Customer Care Advisor,Remote,"supervisor,support,developer,software,management,sales,reliability,digital nomad",https://remoteOK.com/remote-jobs/remote-customer-care-advisor-goodleap-1093771
Monzo,Senior Backend Engineer,,"golang,senior,engineer,backend",https://remoteOK.com/remote-jobs/remote-senior-backend-engineer-monzo-1093770
Executive Bootcamp,$2.000+ monthly LinkedIn DM reply Job USA TIMEZONE,,"sales,marketing,other",https://remoteOK.com/remote-jobs/remote-2-000-monthly-linkedin-dm-reply-job-usa-timezone-executive-bootcamp-1093768
InfStones,DevOps Engineer,Texas,"amazon,web3,system,security,support,software,testing,test,code,qa,devops,serverless,cloud,git,node,administrator,management,reliability,engineer,linux,full-time",https://remoteOK.com/remote-jobs/remote-devops-engineer-infstones-1093766
Peach Finance,Technical Writer,Remote,"system,training,technical,writer,developer,financial,video,finance,api,management,content,senior,marketing,digital nomad",https://remoteOK.com/remote-jobs/remote-technical-writer-peach-finance-1093765
FetLife,Senior Full Stack Engineer,,"engineer,ruby,vue,redis,rust,kubernetes,work from home,remote,terraform,google cloud,senior,dev,javascript,backend,front end,full time,full stack,sql,postgres,elasticsearch,typescript",https://remoteOK.com/remote-jobs/remote-senior-full-stack-engineer-fetlife-1093764
CloudWalk,Customer Support Engineer I Intern,Remote,"technical,support,voice,fintech,ruby,engineer,engineering",https://remoteOK.com/remote-jobs/remote-customer-support-engineer-i-intern-cloudwalk-1093763
CoinGecko,Account Executive,,"saas,web3,cryptocurrency,training,technical,support,growth,financial,education,fintech,api,leader,strategy,management,senior,operations,operational,marketing,sales,executive",https://remoteOK.com/remote-jobs/remote-account-executive-coingecko-1093761
,,Remote,,https://remoteOK.com/remote-jobs/remote-1093760
Accompany Health,Medical Record Specialist,United States,"education,lead,go,medical,health,healthcare,full-time,non tech",https://remoteOK.com/remote-jobs/remote-medical-record-specialist-accompany-health-1093756
CertiK,Blockchain Security Expert AI Track,US / Remote,"security,web3,support,software,sales,engineering,full-time",https://remoteOK.com/remote-jobs/remote-blockchain-security-expert-ai-track-certik-1093753
Anchorage Digital,Growth Marketing Lead,United States,"growth,crypto,security,testing,financial,finance,bank,leader,management,lead,marketing,analytics,legal,engineering",https://remoteOK.com/remote-jobs/remote-growth-marketing-lead-anchorage-digital-1093752
Mozilla Corporation,Senior Backend Engineer,,"golang,senior,engineer,backend",https://remoteOK.com/remote-jobs/remote-senior-backend-engineer-mozilla-corporation-1093751
Nomi Health,Data Engineer,"Austin, Texas","technical,testing,nosql,medical,engineer,engineering",https://remoteOK.com/remote-jobs/remote-data-engineer-nomi-health-1093750
WEP Clinical,Associate Director Clinical Monitoring,"Remote, US","director,training,support,growth,travel,management,lead,senior",https://remoteOK.com/remote-jobs/remote-associate-director-clinical-monitoring-wep-clinical-1093749
One Medical,Social Programs Manager,"Houston, TX",manager,https://remoteOK.com/remote-jobs/remote-social-programs-manager-one-medical-1093747
CloudWalk,Chargeback Analyst,SÃ£o Paulo,"analyst,teach,support,code,fintech,operations,operational,engineering",https://remoteOK.com/remote-jobs/remote-chargeback-analyst-cloudwalk-1093746
CEF.Ai,Principal Software Engineer,,"other,dev",https://remoteOK.com/remote-jobs/remote-principal-software-engineer-cef-ai-1093744
,,,,https://remoteOK.com/remote-jobs/remote-1093743
Welo Data,Korean Japanese Lyric Transliteration Reviewer,,"quality assurance,teaching,part time,remote,freelance,japanese,korean,reviewer,translation",https://remoteOK.com/remote-jobs/remote-korean-japanese-lyric-transliteration-reviewer-welo-data-1093742
Socure,Staff Software Engineer Backend,Carson City,"software,design,graphql,system,support,fintech,elasticsearch,lead,analytics,engineer,engineering,apache,backend,digital nomad",https://remoteOK.com/remote-jobs/remote-staff-software-engineer-backend-socure-1093740
Inkitt,Senior DevOps Engineer,Remote Mexico City,"redis,system,security,support,devops,elasticsearch,c,cloud,postgresql,senior,analytics,reliability,engineer,backend",https://remoteOK.com/remote-jobs/remote-senior-devops-engineer-inkitt-1093739
Sticker Mule,Software engineer,,"engineer,dev,postgres,docker,redis,kubernetes,gcp",https://remoteOK.com/remote-jobs/remote-software-engineer-sticker-mule-1093738
Coins.ph,KYC Ops Leader,"Taguig City, Metro Manila, Philippines","crypto,cryptocurrencies,training,growth,financial,fintech,mobile,leader,strategy,management,lead,operations,operational",https://remoteOK.com/remote-jobs/remote-kyc-ops-leader-coins-ph-1093737
Tala,Senior Android Engineer,Remote-India,"crypto,financial,fintech,management,senior,android,engineer",https://remoteOK.com/remote-jobs/remote-senior-android-engineer-tala-1093735
Aprio,Aprio Canada National Tax Office Leader Senior Tax Director,Toronto,"director,training,technical,support,growth,leader,management,lead,senior,executive",https://remoteOK.com/remote-jobs/remote-aprio-canada-national-tax-office-leader-senior-tax-director-aprio-1093729
Sayari,Associate Data Engineer,United States,"python,training,software,growth,financial,cloud,engineer,engineering,apache",https://remoteOK.com/remote-jobs/remote-associate-data-engineer-sayari-1093725
CloudWalk,Paid Media Data Analyst,Brasilia,"analyst,technical,growth,financial,investment,fintech,strategy,marketing,analytics,engineering,executive",https://remoteOK.com/remote-jobs/remote-paid-media-data-analyst-cloudwalk-1093722
Allocate,Senior Software Engineer Backend,California,"software,design,c#,docker,technical,support,developer,code,web,fintech,git,api,strategy,senior,engineer,engineering,backend,digital nomad",https://remoteOK.com/remote-jobs/remote-senior-software-engineer-backend-allocate-1093713
MailerLite,Web Developer,,"front end,dev",https://remoteOK.com/remote-jobs/remote-web-developer-mailerlite-1093712
Smartbug Media,Account Strategist,"Remote, United States","strategist,support,growth,director,voice,strategy,management,lead,content,senior,operations,marketing,sales,health,recruiting,e-commerce",https://remoteOK.com/remote-jobs/remote-account-strategist-smartbug-media-1093708
COMPLY,Associate Customer Success Manager,United States,"manager,salesforce,consulting,technical,support,software,growth,financial,investment,leader,management,health",https://remoteOK.com/remote-jobs/remote-associate-customer-success-manager-comply-1093707
Panopto,Account Executive Enterprise,Remote - US,"saas,technical,recruiter,support,manager,video,leader,management,senior,sales,health,recruitment,executive",https://remoteOK.com/remote-jobs/remote-account-executive-enterprise-panopto-1093706
Harkla,Sales Development Representative,,sales,https://remoteOK.com/remote-jobs/remote-sales-development-representative-harkla-1093704
AscendEX,Senior Front End Engineer,,"design,cryptocurrency,front-end,back-end,software,growth,code,web,financial,management,senior,junior,engineer,engineering,digital nomad",https://remoteOK.com/remote-jobs/remote-senior-front-end-engineer-ascendex-1093703
Coin Market Cap Ltd,Business Data Analyst,,"analyst,crypto,support,growth,web,financial,mobile,operational,analytics",https://remoteOK.com/remote-jobs/remote-business-data-analyst-coin-market-cap-ltd-1093701
Backpack,Infrastructure,,"security,developer,cloud,engineering,digital nomad",https://remoteOK.com/remote-jobs/remote-infrastructure-backpack-1093700
Speechify,Software Engineer Data Infrastructure & Acquisition,,dev,https://remoteOK.com/remote-jobs/remote-software-engineer-data-infrastructure-acquisition-speechify-1093699
Greenlight Financial Technology,Software Engineer II Full Stack,Atlanta (Remote Friendly),"software,design,technical,recruiter,support,web,finance,financial,fintech,banking,mobile,senior,reliability,health,engineer,engineering,backend,digital nomad",https://remoteOK.com/remote-jobs/remote-software-engineer-ii-full-stack-greenlight-financial-technology-1093698
Right Side Up,Associate Creative Director,"Austin, TX","director,design,financial,lead,junior,marketing,digital nomad",https://remoteOK.com/remote-jobs/remote-associate-creative-director-right-side-up-1093697
AFAR,Revenue Operations Manager,"New York, NY","manager,design,support,growth,travel,finance,strategy,management,lead,operations,marketing,sales,digital nomad",https://remoteOK.com/remote-jobs/remote-revenue-operations-manager-afar-1093696
Discern,Fullstack Golang Engineer,,"golang,software,golang,engineer,fullstack",https://remoteOK.com/remote-jobs/remote-fullstack-golang-engineer-discern-1093694
Tempesta Technologies,C C++ Linux developer,,"linux,c plus plus,c,databases,algorithms,data structures",https://remoteOK.com/remote-jobs/remote-c-c-linux-developer-tempesta-technologies-1093692
Melapress,Content led Marketer,,"marketing,content writing,copywriting",https://remoteOK.com/remote-jobs/remote-content-led-marketer-melapress-1093691
Melapress,WordPress Plugins & Themes developer,,"dev,devops,wordpress,php,javascript,full time,ecommerce,api,english",https://remoteOK.com/remote-jobs/remote-wordpress-plugins-themes-developer-melapress-1093690
The Block,Marketing Lead,Remote within United States,"web3,crypto,cryptocurrency,salesforce,support,growth,controller,voice,financial,strategy,lead,content,operations,marketing,legal,sales",https://remoteOK.com/remote-jobs/remote-marketing-lead-the-block-1093689
Clipbook,Intelligence &amp; Research Analyst,,"analyst,support,strategy,lead",https://remoteOK.com/remote-jobs/remote-intelligence-amp-research-analyst-clipbook-1093688
Injective Labs,Government Relations Officer,,"defi,crypto,technical,growth,financial,finance,leader,strategy,lead,operations,legal,educational,executive",https://remoteOK.com/remote-jobs/remote-government-relations-officer-injective-labs-1093686
Greenlight Financial Technology,Software Engineer II Full Stack,Atlanta (Remote Friendly),"software,design,technical,recruiter,support,web,finance,financial,fintech,banking,mobile,senior,reliability,health,engineer,engineering,backend,digital nomad",https://remoteOK.com/remote-jobs/remote-software-engineer-ii-full-stack-greenlight-financial-technology-1093682
Crewvision,UI UX Product Designer,,design,https://remoteOK.com/remote-jobs/remote-ui-ux-product-designer-crewvision-1093681
Interaction Design Foundation,Admin and Support Specialist With Love for Writing,,"content writing,customer support,writing",https://remoteOK.com/remote-jobs/remote-admin-and-support-specialist-with-love-for-writing-interaction-design-foundation-1093680
dLocal,Crypto Compliance Project Manager,,"crypto,manager,cryptocurrency,support,financial,fintech,content,go,health,non tech",https://remoteOK.com/remote-jobs/remote-crypto-compliance-project-manager-dlocal-1093679
OANDA Europe Ltd.,Head of CRM,London,"cryptocurrencies,support,software,growth,financial,strategy,management,lead,marketing,analytics,recruitment",https://remoteOK.com/remote-jobs/remote-head-of-crm-oanda-europe-ltd-1093678
Private.Ki,Content Producer Technical Content Engineer Junior Dev,,"other,dev,writer,writing,marketing",https://remoteOK.com/remote-jobs/remote-content-producer-technical-content-engineer-junior-dev-private-ki-1093677
Sword Health,Executive Assistant &amp; Office Manager,Lisboa,"manager,assistant,support,growth,travel,financial,management,sales,medical,health,executive",https://remoteOK.com/remote-jobs/remote-executive-assistant-amp-office-manager-sword-health-1093673
Quantum Metric,Account Executive Retail,United States,"saas,training,support,devops,financial,education,leader,android,sales,recruitment,executive,ecommerce",https://remoteOK.com/remote-jobs/remote-account-executive-retail-quantum-metric-1093672
AllTrails,Senior Product Designer,Remote,"design,ios,training,designer,testing,growth,web,lead,senior,marketing,engineering,digital nomad",https://remoteOK.com/remote-jobs/remote-senior-product-designer-alltrails-1093671
CrowdGen by Appen,Data Collection Participant Photo Submission Task,Any,"training,manager",https://remoteOK.com/remote-jobs/remote-data-collection-participant-photo-submission-task-crowdgen-by-appen-1093670
Aprio,Aprio PH FP&amp;A Analyst,"Clark, Pampanga","analyst,testing,growth,financial,finance,microsoft,management,senior,executive,full-time",https://remoteOK.com/remote-jobs/remote-aprio-ph-fpampa-analyst-aprio-1093669
Heard,Sales Development Representative,Remote,"saas,consult,growth,voice,lead,excel,sales,health",https://remoteOK.com/remote-jobs/remote-sales-development-representative-heard-1093666
Gravie,Underwriter,Remote,"design,training,technical,support,growth,financial,education,strategy,management,sales,health,healthcare,digital nomad",https://remoteOK.com/remote-jobs/remote-underwriter-gravie-1093665
Sensor Tower,Full Stack Engineer,Istanbul,"jira,c#,developer,code,bank,analytics,health,engineer,recruitment,linux,full-time,digital nomad",https://remoteOK.com/remote-jobs/remote-full-stack-engineer-sensor-tower-1093661
Koombea,Senior AI Python Developer,,"python,developer,software,api,senior,engineering,backend,digital nomad",https://remoteOK.com/remote-jobs/remote-senior-ai-python-developer-koombea-1093660
Slate,User Support Specialist,Remote,"technical,support,lead,content,engineering",https://remoteOK.com/remote-jobs/remote-user-support-specialist-slate-1093659
Proof,Senior Software Engineer,"Remote, Boston, MA Preferred","software,design,front-end,back-end,security,technical,support,growth,code,web,manager,cloud,ruby,rails,management,lead,senior,legal,go,engineer,engineering,digital nomad",https://remoteOK.com/remote-jobs/remote-senior-software-engineer-proof-1093658
Egen,ML Scientist Foundation Model,"Remote, Central US","design,training,technical,support,cloud,legal,health,engineering,digital nomad",https://remoteOK.com/remote-jobs/remote-ml-scientist-foundation-model-egen-1093656
Coins.ph,Exchange Operations Analyst,"Singapore, Singapore","analyst,crypto,cryptocurrencies,system,test,growth,financial,bank,admin,mobile,management,operations",https://remoteOK.com/remote-jobs/remote-exchange-operations-analyst-coins-ph-1093648
Voxy Inc,Customer Success Analyst,SÃ£o Paulo,"analyst,hr,students,training,consulting,technical,education,leader,management,health",https://remoteOK.com/remote-jobs/remote-customer-success-analyst-voxy-inc-1093647
City IT,QA Analyst,Any US State,"analyst,system,support,software,testing,test,scrum,qa,management,go",https://remoteOK.com/remote-jobs/remote-qa-analyst-city-it-1093646
Seaport Global Holdings LLC,Investment Research Associate,Flexible,"accounting,investment,finance,senior,excel,non tech",https://remoteOK.com/remote-jobs/remote-investment-research-associate-seaport-global-holdings-llc-1093645
HONK,Technical Account Manager,Remote,"manager,design,saas,training,consulting,technical,support,operations,sales,engineering,digital nomad",https://remoteOK.com/remote-jobs/remote-technical-account-manager-honk-1093644
The Block,Sales Director,Remote within United States,"director,crypto,cryptocurrency,ceo,support,growth,voice,financial,video,lead,senior,operations,sales,executive",https://remoteOK.com/remote-jobs/remote-sales-director-the-block-1093643
